UniProt_ID,KEGG_ID
Q5SME2,TTHA0001
Q5SME1,TTHA0002
Q5SME0,TTHA0003
Q5SMD9,TTHA0004
Q5SMD8,TTHA0005
Q5SMD7,TTHA0006
Q5SMD6,TTHA0007
Q5SMD5,TTHA0008
Q5SMD4,TTHA0009
Q5SMD3,TTHA0010
Q5SMD2,TTHA0011
Q5SMD1,TTHA0012
Q5SMD0,TTHA0013
Q5SMC9,TTHA0014
Q5SMC8,TTHA0015
Q5SMC7,TTHA0016
Q5SMC6,TTHA0017
Q5SMC5,TTHA0018
Q5SMC4,TTHA0019
Q5SMC3,TTHA0020
Q5SMC2,TTHA0021
Q5SMC1,TTHA0022
Q5SMC0,TTHA0023
Q5SMB9,TTHA0024
Q5SMB8,TTHA0025
Q5SMB7,TTHA0026
Q5SMB6,TTHA0027
Q5SMB5,TTHA0028
Q5SMB4,TTHA0029
Q5SMB3,TTHA0030
Q5SMB2,TTHA0031
Q5SMB1,TTHA0032
Q5SMB0,TTHA0033
Q5SMA9,TTHA0034
Q5SMA8,TTHA0035
Q5SMA7,TTHA0036
Q5SMA6,TTHA0037
Q5SMA5,TTHA0038
Q5SMA4,TTHA0039
Q5SMA3,TTHA0040
Q5SMA2,TTHA0041
P60494,TTHA0042
Q5SMA0,TTHA0043
Q5SM99,TTHA0044
Q5SM98,TTHA0045
Q56232,TTHA0046
Q5SM96,TTHA0047
Q5SM95,TTHA0048
Q5SM94,TTHA0049
Q5SM93,TTHA0050
Q5SM92,TTHA0051
Q5SM91,TTHA0052
Q5SM90,TTHA0053
Q5SM89,TTHA0054
Q5SM88,TTHA0055
Q5SM87,TTHA0056
Q5SM86,TTHA0057
Q5SM85,TTHA0058
Q5SM84,TTHA0059
Q5SM83,TTHA0060
Q5SM82,TTHA0061
Q5SM81,TTHA0062
Q5SM80,TTHA0063
Q5SM79,TTHA0064
Q5SM78,TTHA0065
Q5SM77,TTHA0066
Q5SM76,TTHA0067
Q5SM75,TTHA0068
Q5SM74,TTHA0069
Q5SM73,TTHA0070
Q5SM72,TTHA0071
Q5SM71,TTHA0072
Q5SM70,TTHA0073
Q5SM69,TTHA0074
Q5SM68,TTHA0075
Q5SM67,TTHA0076
Q5SM66,TTHA0077
Q5SM65,TTHA0078
Q5SM64,TTHA0079
Q5SM63,TTHA0080
Q5SM62,TTHA0081
Q5SM61,TTHA0082
Q5SM60,TTHA0083
Q56217,TTHA0084
Q56218,TTHA0085
Q56219,TTHA0086
Q56220,TTHA0087
Q56221,TTHA0088
Q56222,TTHA0089
Q56223,TTHA0090
Q60019,TTHA0091
Q56224,TTHA0092
Q56225,TTHA0093
Q56226,TTHA0094
Q56227,TTHA0095
Q56228,TTHA0096
Q56229,TTHA0097
Q5SM45,TTHA0098
Q5SM44,TTHA0099
Q5SM43,TTHA0100
Q5SM42,TTHA0101
Q5SM41,TTHA0102
Q5SM40,TTHA0103
Q5SM39,TTHA0104
Q5SM38,TTHA0105
Q5SM37,TTHA0106
Q5SM36,TTHA0107
Q5SM35,TTHA0108
Q5SM34,TTHA0109
Q5SM33,TTHA0110
Q5SM32,TTHA0111
Q5SM31,TTHA0112
Q5SM30,TTHA0113
Q5SM29,TTHA0114
Q5SM28,TTHA0115
Q5SM27,TTHA0116
Q5SM26,TTHA0117
Q5SM25,TTHA0118
Q5SM24,TTHA0119
Q5SM23,TTHA0120
Q5SM22,TTHA0121
Q5SM21,TTHA0122
Q5SM20,TTHA0123
Q5SM19,TTHA0124
Q5SM18,TTHA0125
Q5SM17,TTHA0126
Q5SM16,TTHA0127
Q5SM15,TTHA0128
Q5SM14,TTHA0129
Q5SM13,TTHA0130
Q5SM12,TTHA0131
Q5SM11,TTHA0132
Q5SM10,TTHA0133
Q5SM09,TTHA0134
Q5SM08,TTHA0135
Q5SM07,TTHA0136
Q5SM06,TTHA0137
Q5SM05,TTHA0138
Q5SM04,TTHA0139
Q5SM03,TTHA0140
Q5SM02,TTHA0141
Q5SM01,TTHA0142
Q5SM00,TTHA0143
Q5SLZ9,TTHA0144
Q5SLZ8,TTHA0145
Q5SLZ7,TTHA0146
Q5SLZ6,TTHA0147
Q5SLZ5,TTHA0148
Q5SLZ4,TTHA0149
Q5SLZ3,TTHA0150
Q5SLZ2,TTHA0151
Q5SLZ1,TTHA0152
Q5SLZ0,TTHA0153
Q5SLY9,TTHA0154
Q5SLY8,TTHA0155
Q5SLY7,TTHA0156
Q5SLY6,TTHA0157
Q5SLY5,TTHA0158
Q5SLY4,TTHA0159
Q5SLY3,TTHA0160
Q5SLY2,TTHA0161
Q5SLY1,TTHA0162
Q5SLY0,TTHA0163
Q5SLX9,TTHA0164
Q5SLX8,TTHA0165
Q5SLX7,TTHA0166
Q5SLX6,TTHA0167
Q5SLX5,TTHA0168
Q5SLX4,TTHA0169
P83700,TTHA0170
Q5SLX2,TTHA0171
Q5SLX1,TTHA0172
Q5SLX0,TTHA0173
Q5SLW9,TTHA0174
Q5SLW8,TTHA0175
Q5SLW7,TTHA0176
P03942,TTHA0177
Q5SLW5,TTHA0178
Q5SLW4,TTHA0179
Q5SLW3,TTHA0180
Q5SLW2,TTHA0181
Q5SLW1,TTHA0182
Q5SLW0,TTHA0183
Q5SLV9,TTHA0184
Q5SLV8,TTHA0185
Q5SLV7,TTHA0186
Q5SLV6,TTHA0187
Q5SLV5,TTHA0188
Q5SLV4,TTHA0189
Q5SLV3,TTHA0190
Q5SLV2,TTHA0191
Q5SLV1,TTHA0192
Q5SLV0,TTHA0193
Q5SLU9,TTHA0194
Q5SLU8,TTHA0195
Q5SLU7,TTHA0196
Q5SLU6,TTHA0197
Q5SLU5,TTHA0198
Q5SLU4,TTHA0199
Q5SLU3,TTHA0200
Q5SLU2,TTHA0201
Q5SLU1,TTHA0202
Q5SLU0,TTHA0203
Q5SLT9,TTHA0204
Q5SLT8,TTHA0205
Q5SLT7,TTHA0206
Q5SLT6,TTHA0207
Q5SLT5,TTHA0208
Q8VVE3,TTHA0209
Q8VVE2,TTHA0210
Q5SLT2,TTHA0211
Q5SLT1,TTHA0212
Q5SLT0,TTHA0213
Q5SLS9,TTHA0214
Q5SLS8,TTHA0215
Q5SLS7,TTHA0216
Q5SLS6,TTHA0217
Q5SLS5,TTHA0218
Q5SLS4,TTHA0219
Q5SLS3,TTHA0220
Q5SLS2,TTHA0221
Q5SLS1,TTHA0222
Q5SLS0,TTHA0223
Q5SLR9,TTHA0224
Q5SLR8,TTHA0225
Q5SLR7,TTHA0226
Q5SLR6,TTHA0227
Q5SLR5,TTHA0228
Q5SLR4,TTHA0229
Q5SLR3,TTHA0230
Q5SLR2,TTHA0231
Q5SLR1,TTHA0232
Q5SLR0,TTHA0233
Q5SJJ0,TTHA0234
Q5SLQ8,TTHA0235
Q5SLQ7,TTHA0236
Q5SLQ6,TTHA0237
Q5SLQ5,TTHA0238
Q5SLQ4,TTHA0239
Q5SLQ3,TTHA0240
Q5SLQ2,TTHA0241
Q5SLQ1,TTHA0242
Q5SLQ0,TTHA0243
Q5SLP9,TTHA0244
Q5SLP8,TTHA0245
Q5SLP7,TTHA0246
Q5SLP6,TTHA0247
P35872,TTHA0248
P38383,TTHA0249
P35871,TTHA0250
P60339,TTHA0251
Q5SLP1,TTHA0252
Q5SLP0,TTHA0253
Q5SLN9,TTHA0254
Q5SLN8,TTHA0255
Q5SLN7,TTHA0256
Q5SLN6,TTHA0257
Q5SLN5,TTHA0258
Q5SLN4,TTHA0259
Q5SLN3,TTHA0260
Q5SLN2,TTHA0261
Q5SLN1,TTHA0262
Q5SLN0,TTHA0263
Q5SLM9,TTHA0264
Q5SLM8,TTHA0265
Q5SLM7,TTHA0266
Q5SLM6,TTHA0267
Q5SLM5,TTHA0268
Q5SLM4,TTHA0269
Q5SLM3,TTHA0270
Q5SLM2,TTHA0271
P61493,TTHA0272
Q5SLM0,TTHA0273
Q5SLL9,TTHA0274
Q5SLL8,TTHA0275
Q5SLL7,TTHA0276
Q5SLL6,TTHA0277
Q5SLL5,TTHA0278
Q5SLL4,TTHA0279
Q5SLL3,TTHA0280
Q5SLL2,TTHA0281
Q5SLL1,TTHA0282
Q5SLL0,TTHA0283
P59846,TTHA0284
Q5SLK8,TTHA0285
Q5SLK7,TTHA0286
Q5SLK6,TTHA0287
Q5SLK5,TTHA0288
Q5SLK4,TTHA0289
Q5SLK3,TTHA0290
Q9F1Q3,TTHA0291
Q5SLK1,TTHA0292
Q5SLK0,TTHA0293
Q5SLJ9,TTHA0294
Q5SLJ8,TTHA0295
Q5SLJ7,TTHA0296
Q5SLJ6,TTHA0297
Q5SLJ5,TTHA0298
Q5SLJ4,TTHA0299
Q5SLJ3,TTHA0300
Q5SLJ2,TTHA0301
Q5SLJ1,TTHA0302
Q5SLJ0,TTHA0303
Q5SLI9,TTHA0304
Q5SLI8,TTHA0305
Q5SLI7,TTHA0306
Q5SLI6,TTHA0307
Q5SLI5,TTHA0308
Q5SLI4,TTHA0309
Q5SLI3,TTHA0310
Q5SLI2,TTHA0311
P98005,TTHA0312
Q5SLI0,TTHA0313
Q5SLH9,TTHA0314
Q5SLH8,TTHA0315
Q5SLH7,TTHA0316
Q5SLH6,TTHA0317
Q5SLH5,TTHA0318
Q5SLH4,TTHA0319
Q5SLH3,TTHA0320
Q5SLH2,TTHA0321
Q5SLH1,TTHA0322
Q5SLH0,TTHA0323
Q5SLG9,TTHA0324
Q5SLG8,TTHA0325
Q5SLG7,TTHA0326
Q5SLG6,TTHA0327
Q5SLG5,TTHA0328
Q5SLG4,TTHA0329
Q5SLG3,TTHA0330
Q5SLG2,TTHA0331
Q5SLG1,TTHA0332
Q5SLG0,TTHA0333
Q5SLF9,TTHA0334
Q5SLF8,TTHA0335
Q5SLF7,TTHA0336
Q5SLF6,TTHA0337
Q5SLF5,TTHA0338
Q5SLF4,TTHA0339
Q5SLF3,TTHA0340
Q5SLF2,TTHA0341
Q5SLF1,TTHA0342
Q5SLF0,TTHA0343
Q5SLE9,TTHA0344
Q5SLE8,TTHA0345
Q5SLE7,TTHA0346
Q5SLE6,TTHA0347
Q5SLE5,TTHA0348
Q5SLE4,TTHA0349
Q5SLE3,TTHA0350
Q5SLE2,TTHA0351
Q5SLE1,TTHA0352
Q5SLE0,TTHA0353
Q5SLD9,TTHA0354
Q5SLD8,TTHA0355
Q5SLD7,TTHA0356
Q5SLD6,TTHA0357
Q5SLM0,TTHA0358
Q5SLD4,TTHA0359
Q5SLD3,TTHA0360
Q5SLD2,TTHA0361
Q5SLD1,TTHA0362
Q5SLD0,TTHA0363
Q5SLC9,TTHA0364
Q5SLC8,TTHA0365
Q9LCX2,TTHA0366
Q5SLC6,TTHA0367
Q5SLC5,TTHA0368
Q5SLC4,TTHA0369
Q5SLC3,TTHA0370
Q5SLC2,TTHA0371
Q5SLC1,TTHA0372
Q5SLC0,TTHA0373
Q5SLB9,TTHA0374
Q5SLB8,TTHA0375
Q5SLB7,TTHA0376
Q5SLB6,TTHA0377
Q5SLB5,TTHA0378
Q5SLB4,TTHA0379
Q5SLB3,TTHA0380
Q5SLB2,TTHA0381
Q5SLB1,TTHA0382
Q5SLB0,TTHA0383
Q5SLA9,TTHA0384
Q5SLA8,TTHA0385
Q5SLA7,TTHA0386
Q5SLA6,TTHA0387
Q5SLA5,TTHA0388
Q5SLA4,TTHA0389
Q5SLA3,TTHA0390
Q5SLA2,TTHA0391
Q5SLA1,TTHA0392
Q5SLA0,TTHA0393
Q5SL99,TTHA0394
Q5SL98,TTHA0395
Q5SL97,TTHA0396
Q5SL96,TTHA0397
Q5SL95,TTHA0398
Q5SL94,TTHA0399
Q5SL93,TTHA0400
Q5SL92,TTHA0401
Q5SL91,TTHA0402
Q5SL90,TTHA0403
Q5SL89,TTHA0404
Q5SL88,TTHA0405
Q5SL87,TTHA0406
Q5SL86,TTHA0407
Q5SL85,TTHA0408
Q5SL84,TTHA0409
Q5SL83,TTHA0410
Q5SL82,TTHA0411
Q5SL81,TTHA0412
Q5SL80,TTHA0413
Q5SL79,TTHA0414
Q5SL78,TTHA0415
Q5SL77,TTHA0416
Q5SL76,TTHA0417
P80339,TTHA0418
Q5SL74,TTHA0419
Q5SL73,TTHA0420
Q5SL72,TTHA0421
Q5SL71,TTHA0422
Q5SL70,TTHA0423
Q5SL69,TTHA0424
Q60049,TTHA0425
Q5SL67,TTHA0426
Q5SL66,TTHA0427
Q5SL65,TTHA0428
Q5SL64,TTHA0429
Q7SIC0,TTHA0430
Q5SL62,TTHA0431
Q5SL61,TTHA0432
Q5SL60,TTHA0433
Q5SL59,TTHA0434
Q5SL58,TTHA0435
Q5SL57,TTHA0436
Q5SL56,TTHA0437
P27000,TTHA0438
Q5SL54,TTHA0439
Q5SL53,TTHA0440
Q5SL52,TTHA0441
Q5SL51,TTHA0442
Q5SL50,TTHA0443
Q5SL49,TTHA0444
Q7X5K6,TTHA0445
P80340,TTHA0446
Q5SL46,TTHA0447
Q5SL45,TTHA0448
Q5SL44,TTHA0449
Q5SL43,TTHA0450
Q5SL42,TTHA0451
Q5SL41,TTHA0452
Q5SL40,TTHA0453
Q5SL39,TTHA0454
Q5SL38,TTHA0455
Q5SL37,TTHA0456
Q5SL36,TTHA0457
Q5SL35,TTHA0458
Q5SL34,TTHA0459
Q5SL33,TTHA0460
Q5SL32,TTHA0461
Q5SL31,TTHA0462
Q5SL30,TTHA0463
Q5SL29,TTHA0464
Q5SL28,TTHA0465
Q5SL27,TTHA0466
Q5SL26,TTHA0467
Q5SL25,TTHA0468
Q5SL24,TTHA0469
Q5SL23,TTHA0470
Q5SL22,TTHA0471
Q5SL21,TTHA0472
Q5SL20,TTHA0473
Q5SL19,TTHA0474
Q5SL18,TTHA0475
Q5SL17,TTHA0476
Q5SL16,TTHA0477
Q5SL15,TTHA0478
Q5SL14,TTHA0479
Q5SL13,TTHA0480
Q5SL12,TTHA0481
Q5SL11,TTHA0482
Q5SL10,TTHA0483
Q5SL09,TTHA0484
Q5SL08,TTHA0485
Q5SL07,TTHA0486
Q5SL06,TTHA0487
Q5SL05,TTHA0488
Q5SL04,TTHA0489
Q5SL03,TTHA0490
Q5SL02,TTHA0491
Q5SL01,TTHA0492
Q5SL00,TTHA0493
Q5SKZ9,TTHA0494
Q5SKZ8,TTHA0495
Q5SKZ7,TTHA0496
Q5SKZ6,TTHA0497
Q5SKZ5,TTHA0498
Q5SKZ4,TTHA0499
Q5SKZ3,TTHA0500
Q5SKZ2,TTHA0501
Q5SKZ1,TTHA0502
Q5SKZ0,TTHA0503
Q5SKY9,TTHA0504
Q5SKY8,TTHA0505
Q5SKY7,TTHA0506
Q5SKY6,TTHA0507
Q5SKY5,TTHA0508
Q5SKY4,TTHA0509
Q5SKY3,TTHA0510
Q5SKY2,TTHA0511
Q5SKY1,TTHA0512
Q5SKY0,TTHA0513
Q5SKX9,TTHA0514
Q5SKX8,TTHA0515
Q5SKX7,TTHA0516
Q5SKX6,TTHA0517
Q5SKX5,TTHA0518
Q5SKX4,TTHA0519
Q5SKX3,TTHA0520
Q5SKX2,TTHA0521
Q5SKX1,TTHA0522
Q5SKX0,TTHA0523
Q5SKW9,TTHA0524
Q5SKW8,TTHA0525
Q5SKW7,TTHA0526
Q5SKW6,TTHA0527
Q5SKW5,TTHA0528
Q5SKW4,TTHA0529
Q5SKW3,TTHA0530
Q5SKW2,TTHA0531
Q5SKW1,TTHA0532
Q5SKW0,TTHA0533
Q5SKV9,TTHA0534
Q5SKV8,TTHA0535
Q5SKV7,TTHA0536
Q5SKV6,TTHA0537
Q5SKV5,TTHA0538
Q5SKV4,TTHA0539
Q5SKV3,TTHA0540
Q5SKV2,TTHA0541
Q5SKV1,TTHA0542
P56206,TTHA0543
Q5SKU9,TTHA0544
Q5SKU8,TTHA0545
Q5SKU7,TTHA0546
Q5SKU6,TTHA0547
Q5SKU5,TTHA0548
Q5SKU4,TTHA0549
Q5SKU3,TTHA0550
Q5SKU2,TTHA0551
Q5SKU1,TTHA0552
P60491,TTHA0553
Q5SKT9,TTHA0554
Q5SKT8,TTHA0555
Q5SKT7,TTHA0556
P61503,TTHA0557
Q5SKT5,TTHA0558
Q5SKT4,TTHA0559
Q5SKT3,TTHA0560
Q5SKT2,TTHA0561
Q5SKT1,TTHA0562
Q5SKT0,TTHA0563
Q5SKS9,TTHA0564
Q5SKS8,TTHA0565
Q5SKS7,TTHA0566
Q5SKS6,TTHA0567
Q5SKS5,TTHA0568
Q5SKS4,TTHA0569
Q5SKS3,TTHA0570
Q5SKS2,TTHA0571
Q5SKS1,TTHA0572
Q9LCX3,TTHA0573
Q5SKR9,TTHA0574
Q5SKR8,TTHA0575
Q5SKR7,TTHA0576
Q5SKR6,TTHA0577
Q5SKR5,TTHA0578
Q5SKR4,TTHA0579
Q5SKR3,TTHA0580
Q5SKR2,TTHA0581
Q5SKR1,TTHA0582
P68591,TTHA0583
Q5SKQ9,TTHA0584
Q5SKQ8,TTHA0585
Q5SKQ7,TTHA0586
Q5SKQ6,TTHA0587
Q5SKQ5,TTHA0588
Q5SKQ4,TTHA0589
Q5SKQ3,TTHA0590
Q5SKQ2,TTHA0591
Q5SKQ1,TTHA0592
Q5SKQ0,TTHA0593
Q5SKP9,TTHA0594
Q5SKP8,TTHA0595
Q5SKP7,TTHA0596
Q5SKP6,TTHA0597
Q5SKP5,TTHA0598
Q5SKP4,TTHA0599
Q5SKP3,TTHA0600
Q5SKP2,TTHA0601
Q5SKP1,TTHA0602
Q5SKP0,TTHA0603
Q5SKN9,TTHA0604
Q5SKN8,TTHA0605
Q5SKN7,TTHA0606
Q5SKN6,TTHA0607
Q5SKN5,TTHA0608
Q5SKN4,TTHA0609
Q5SKN3,TTHA0610
Q5SKN2,TTHA0611
Q5SKN1,TTHA0612
Q5SKN0,TTHA0613
Q5SKM9,TTHA0614
Q5SKM8,TTHA0615
Q5SKM7,TTHA0616
Q5SKM6,TTHA0617
Q5SKM5,TTHA0618
Q5SKM4,TTHA0619
Q5SKM3,TTHA0620
Q5SKM2,TTHA0621
Q5SKM1,TTHA0622
Q5SKM0,TTHA0623
Q5SKL9,TTHA0624
Q5SKL8,TTHA0625
Q5SKL7,TTHA0626
Q5SKL6,TTHA0627
Q5SKL5,TTHA0628
Q5SKL4,TTHA0629
Q5SKL3,TTHA0630
Q5SKL2,TTHA0631
Q5SKL1,TTHA0632
Q5SKL0,TTHA0633
Q5SKK9,TTHA0634
Q5SKK8,TTHA0635
Q5SKK7,TTHA0636
Q5SKK6,TTHA0637
Q5SKK5,TTHA0638
Q5SKK4,TTHA0639
Q5SKK3,TTHA0640
Q5SKK2,TTHA0641
Q5SKK1,TTHA0642
Q5SKK0,TTHA0643
Q5SKJ9,TTHA0644
Q5SKJ8,TTHA0645
Q5SKJ7,TTHA0646
Q5SKJ6,TTHA0647
Q5SKJ5,TTHA0648
Q5SKJ4,TTHA0649
Q5SKJ3,TTHA0650
Q5SKJ2,TTHA0651
Q5SKJ1,TTHA0652
Q5SKJ0,TTHA0653
Q5SKI9,TTHA0654
Q5SKI8,TTHA0655
Q84BQ9,TTHA0656
Q5SKI6,TTHA0657
Q5SKI5,TTHA0658
Q5SKI4,TTHA0659
Q5SKI3,TTHA0660
Q5SKI2,TTHA0661
Q5SKI1,TTHA0662
Q5SKI0,TTHA0663
Q5SKH9,TTHA0664
Q5SKH8,TTHA0665
Q5SKH7,TTHA0666
Q5SKH6,TTHA0667
Q5SKH5,TTHA0668
Q5SKH4,TTHA0669
Q5SKH3,TTHA0670
Q5SKH2,TTHA0671
Q5SKH1,TTHA0672
Q5SKH0,TTHA0673
Q5SKG9,TTHA0674
Q5SKG8,TTHA0675
Q5SKG7,TTHA0676
Q5SKG6,TTHA0677
Q5SKG5,TTHA0678
Q5SKG4,TTHA0679
Q5SKG3,TTHA0680
Q5SKG2,TTHA0681
Q5SKG1,TTHA0682
Q5SKG0,TTHA0683
Q5SKF9,TTHA0684
Q5SKF8,TTHA0685
Q5SKF7,TTHA0686
Q5SKF6,TTHA0687
Q5SKF5,TTHA0688
Q5SKF4,TTHA0689
Q5SKF3,TTHA0690
Q5SKF2,TTHA0691
Q5SKF1,TTHA0692
Q5SKF0,TTHA0693
Q5SKE9,TTHA0694
Q5SKE8,TTHA0695
Q5SKE7,TTHA0696
Q5SKE6,TTHA0697
Q5SKE5,TTHA0698
P48515,TTHA0699
Q5SKE3,TTHA0700
P48514,TTHA0701
Q56425,TTHA0702
Q5SKE0,TTHA0703
Q5SKD9,TTHA0704
Q5SKD8,TTHA0705
Q5SKD7,TTHA0706
Q5SKD6,TTHA0707
P54263,TTHA0708
Q5SKD4,TTHA0709
Q5SKD3,TTHA0710
Q5SKD2,TTHA0711
P56194,TTHA0712
Q5SKD0,TTHA0713
Q5SKC9,TTHA0714
Q5SKC8,TTHA0715
Q5SKC7,TTHA0716
Q5SKC6,TTHA0717
Q5SKC5,TTHA0718
Q5SKC4,TTHA0719
Q5SKC3,TTHA0720
Q5SKC2,TTHA0721
Q5SKC1,TTHA0722
Q5SKC0,TTHA0723
Q5SKB9,TTHA0724
Q5SMF7,TTHA0725
Q5SMF6,TTHA0726
Q5SMF5,TTHA0727
Q5SMF4,TTHA0728
Q5SMF3,TTHA0729
Q5SKB8,TTHA0730
Q5SKB7,TTHA0731
Q5SKB6,TTHA0732
Q5SKB5,TTHA0733
Q5SKB4,TTHA0734
Q5SKB3,TTHA0735
Q5SKB2,TTHA0736
Q5SKB1,TTHA0737
Q5SKB0,TTHA0738
Q5SKA9,TTHA0739
Q5SKA8,TTHA0740
Q5SKA7,TTHA0741
Q5SKA6,TTHA0742
Q5SKA5,TTHA0743
Q5SKA4,TTHA0744
Q5SKA3,TTHA0745
Q5SKA2,TTHA0746
Q5SKA1,TTHA0747
Q5SKA0,TTHA0748
Q5SK99,TTHA0749
Q5SK98,TTHA0750
Q5SK97,TTHA0751
Q5SK96,TTHA0752
Q5SK95,TTHA0753
Q5SK94,TTHA0754
Q5SK93,TTHA0755
Q5SK92,TTHA0756
Q5SK91,TTHA0757
Q5SK90,TTHA0758
Q5SK89,TTHA0759
Q5SK88,TTHA0760
Q5SK87,TTHA0761
Q5SK86,TTHA0762
Q5SK85,TTHA0763
Q5SK84,TTHA0764
Q5SK83,TTHA0765
Q5SK82,TTHA0766
Q5SK81,TTHA0767
Q5SK80,TTHA0768
Q5SK79,TTHA0769
Q5SK78,TTHA0770
Q5SK77,TTHA0771
Q5SK76,TTHA0772
Q5SK75,TTHA0773
Q5SK74,TTHA0774
Q5SK73,TTHA0775
Q5SK72,TTHA0776
Q5SK71,TTHA0777
Q5SK70,TTHA0778
Q5SK69,TTHA0779
Q5SK68,TTHA0780
Q5SK67,TTHA0781
Q5SK66,TTHA0782
Q5SK65,TTHA0783
Q5SK64,TTHA0784
Q5SMG7,TTHA0785
Q5SMG6,TTHA0786
Q5SMG5,TTHA0787
Q5SMG4,TTHA0788
Q5SK63,TTHA0789
Q5SK62,TTHA0790
Q5SK61,TTHA0791
Q5SK60,TTHA0792
Q5SK59,TTHA0793
Q5SK58,TTHA0794
Q5SK57,TTHA0795
Q5SK56,TTHA0796
Q5SK55,TTHA0797
Q5SK54,TTHA0798
Q5SK53,TTHA0799
Q5SK52,TTHA0800
Q5SK51,TTHA0801
Q5SK50,TTHA0802
Q5SK49,TTHA0803
Q5SK48,TTHA0804
Q5SK47,TTHA0805
Q5SK46,TTHA0806
Q5SK45,TTHA0807
Q5SK44,TTHA0808
Q5SK43,TTHA0809
Q5SK42,TTHA0810
Q5SK41,TTHA0811
Q5SK40,TTHA0812
Q5SK39,TTHA0813
Q5SK38,TTHA0814
Q5SK37,TTHA0815
Q5SK36,TTHA0816
Q5SK35,TTHA0817
Q5SK34,TTHA0818
Q5SK33,TTHA0819
Q5SK32,TTHA0820
Q5SK31,TTHA0821
Q5SK30,TTHA0822
Q5SK29,TTHA0823
Q5SK28,TTHA0824
Q5SK27,TTHA0825
Q5SK26,TTHA0826
Q5SK25,TTHA0827
Q5SK24,TTHA0828
Q5SK23,TTHA0829
Q5SK22,TTHA0830
Q5SK21,TTHA0831
Q5SK20,TTHA0832
Q5SK19,TTHA0833
Q5SK18,TTHA0834
Q5SK17,TTHA0835
Q5SK16,TTHA0836
Q5SK15,TTHA0837
Q5SK14,TTHA0838
Q5SK13,TTHA0839
Q5SK12,TTHA0840
Q5SK11,TTHA0841
Q5SK10,TTHA0842
Q5SK09,TTHA0843
Q5SK08,TTHA0844
Q5SK07,TTHA0845
Q5SK06,TTHA0846
Q5SK05,TTHA0847
Q9AJ99,TTHA0848
Q5SK03,TTHA0849
Q5SK02,TTHA0850
Q5SK01,TTHA0851
Q5SK00,TTHA0852
Q5SJZ9,TTHA0853
Q5SJZ8,TTHA0854
Q5SJZ7,TTHA0855
Q5SJZ6,TTHA0856
Q5SJZ5,TTHA0857
Q9WX76,TTHA0858
P43891,TTHA0859
P43895,TTHA0860
P80371,TTHA0861
Q5SJZ0,TTHA0862
Q5SJY9,TTHA0863
Q5SJY8,TTHA0864
Q5SJY7,TTHA0865
Q5SJY6,TTHA0866
Q5SJY5,TTHA0867
Q5SJY4,TTHA0868
Q5SJY3,TTHA0869
Q5SJY2,TTHA0870
Q5SJY1,TTHA0871
Q5SJY0,TTHA0872
Q5SJX9,TTHA0873
Q5SJX8,TTHA0874
Q5SJX7,TTHA0875
Q9LCX4,TTHA0876
Q5SJX5,TTHA0877
Q5SJX4,TTHA0878
Q5SJX3,TTHA0879
Q5SJX2,TTHA0880
Q5SJX1,TTHA0881
Q5SJX0,TTHA0882
Q5SJW9,TTHA0883
Q5SJW8,TTHA0884
Q5SJW7,TTHA0885
Q5SJW6,TTHA0886
Q5SJW5,TTHA0887
Q5SJW4,TTHA0888
Q5SJW3,TTHA0889
Q5SJW2,TTHA0890
Q5SJW1,TTHA0891
Q5SJW0,TTHA0892
Q5SJV9,TTHA0893
Q5SJV8,TTHA0894
Q5SJV7,TTHA0895
Q5SJV6,TTHA0896
Q5SJV5,TTHA0897
Q5SJV4,TTHA0898
Q5SJV3,TTHA0899
Q5SMG3,TTHA0900
Q5SMG2,TTHA0901
Q8RR57,TTHA0902
Q5SMG0,TTHA0903
Q5SMF9,TTHA0904
Q5SMF8,TTHA0905
P09403,TTHA0906
Q5SJV1,TTHA0907
Q5SJV0,TTHA0908
Q5SJU9,TTHA0909
Q5SJU8,TTHA0910
Q5SJU7,TTHA0911
Q5SJU6,TTHA0912
Q5SJU5,TTHA0913
Q5SJU4,TTHA0914
Q5SJU3,TTHA0915
Q5SJU2,TTHA0916
Q5SJU1,TTHA0917
Q5SJU0,TTHA0918
Q5SJT9,TTHA0919
Q5SJT8,TTHA0920
Q5SJT7,TTHA0921
Q5SJT6,TTHA0922
Q5SJT5,TTHA0923
Q56419,TTHA0924
Q5SJT3,TTHA0925
Q56416,TTHA0926
Q5SJT1,TTHA0927
Q5SJT0,TTHA0928
Q5SJS9,TTHA0929
Q5SJS8,TTHA0930
Q5SJS7,TTHA0931
Q5SJS6,TTHA0932
Q5SJS5,TTHA0933
Q5SJS4,TTHA0934
Q5SJS3,TTHA0935
Q5SJS2,TTHA0936
Q5SJS1,TTHA0937
Q5SJS0,TTHA0938
Q5SJR9,TTHA0939
Q5SJR8,TTHA0940
Q5SJR7,TTHA0941
Q5SJR6,TTHA0942
Q5SJR5,TTHA0943
Q5SJR4,TTHA0944
Q5SJR3,TTHA0945
Q5SJR2,TTHA0946
Q5SJR1,TTHA0947
Q5SJR0,TTHA0948
Q5SJQ9,TTHA0949
Q5SJQ8,TTHA0950
Q5SJQ7,TTHA0951
Q5SJQ6,TTHA0952
Q5SJQ5,TTHA0953
Q5SJQ4,TTHA0954
Q5SJQ3,TTHA0955
Q5SJQ2,TTHA0956
Q5SJQ1,TTHA0957
Q5SJQ0,TTHA0958
Q5SJP9,TTHA0959
Q5SJP8,TTHA0960
Q5SJP7,TTHA0961
Q5SJP6,TTHA0962
Q5SJP5,TTHA0963
Q5SJP4,TTHA0964
Q5SJP3,TTHA0965
Q5SJP2,TTHA0966
Q5SJP1,TTHA0967
Q5SJP0,TTHA0968
Q5SJN9,TTHA0969
Q5SJN8,TTHA0970
Q5SJN7,TTHA0971
Q5SJN6,TTHA0972
Q5SJN5,TTHA0973
Q5SJN4,TTHA0974
Q5SJN3,TTHA0975
Q5SJN2,TTHA0976
Q5SJN1,TTHA0977
Q5SJN0,TTHA0978
Q5SJM9,TTHA0979
Q5SJM8,TTHA0980
Q5SJM7,TTHA0981
Q5SJM6,TTHA0982
Q5SJM5,TTHA0983
Q5SJM4,TTHA0984
Q5SJM3,TTHA0985
Q5SJM2,TTHA0986
Q5SJM1,TTHA0987
Q5SJM0,TTHA0988
Q5SJL9,TTHA0989
Q5SJL8,TTHA0990
Q5SJL7,TTHA0991
Q5SJL6,TTHA0992
Q5SJL5,TTHA0993
Q5SJL4,TTHA0994
Q5SJL3,TTHA0995
Q5SJL2,TTHA0996
Q5SJL1,TTHA0997
Q5SJL0,TTHA0998
Q5SJK9,TTHA0999
Q5SJK8,TTHA1000
Q5SJK7,TTHA1001
Q5SJK6,TTHA1002
Q5SJK5,TTHA1003
Q5SJK4,TTHA1004
Q5SJK3,TTHA1005
Q5SJK2,TTHA1006
Q5SJK1,TTHA1007
Q5SJK0,TTHA1008
Q5SJJ9,TTHA1009
Q5SJJ8,TTHA1010
Q5SJJ7,TTHA1011
Q5SJJ6,TTHA1012
Q5SJJ5,TTHA1013
Q5SJJ4,TTHA1014
Q5SJJ3,TTHA1015
Q5SJJ2,TTHA1016
Q5SJJ1,TTHA1017
Q5SJJ0,TTHA1018
Q5SJI9,TTHA1019
Q5SJI8,TTHA1020
Q5SJI7,TTHA1021
Q5SJI6,TTHA1022
Q5SJI5,TTHA1023
Q5SJI4,TTHA1024
Q5SJI3,TTHA1025
Q5SJI2,TTHA1026
Q5SJI1,TTHA1027
Q5SJI0,TTHA1028
Q5SJH9,TTHA1029
Q5SJH8,TTHA1030
P60490,TTHA1031
Q5SJH6,TTHA1032
Q5SJH5,TTHA1033
Q5SJH4,TTHA1034
Q5SJH3,TTHA1035
Q5SJH2,TTHA1036
Q5SJH1,TTHA1037
Q5SJH0,TTHA1038
Q5SJG9,TTHA1039
Q5SJG8,TTHA1040
Q5SJG7,TTHA1041
Q5SJG6,TTHA1042
Q5SJG5,TTHA1043
Q5SJG4,TTHA1044
Q5SJG3,TTHA1045
Q5SJG2,TTHA1046
Q5SJG1,TTHA1047
Q5SJG0,TTHA1048
Q5SJF9,TTHA1049
Q5SJF8,TTHA1050
Q5SJF7,TTHA1051
Q5SJF6,TTHA1052
Q5SJF5,TTHA1053
P52028,TTHA1054
Q5SMH3,TTHA1055
Q5SMH2,TTHA1056
Q5SMH1,TTHA1057
Q5SMH0,TTHA1058
Q5SMG9,TTHA1059
Q5SMG8,TTHA1060
Q5SJF3,TTHA1061
Q5SJF2,TTHA1062
Q5SJF1,TTHA1063
Q5SJF0,TTHA1064
Q5SJE9,TTHA1065
Q5SJE8,TTHA1066
P56690,TTHA1067
Q5SJE6,TTHA1068
Q5SJE5,TTHA1069
Q5SJE4,TTHA1070
Q5SJE3,TTHA1071
Q5SJE2,TTHA1072
Q5SJE1,TTHA1073
Q5SJE0,TTHA1074
Q5SJD9,TTHA1075
Q5SJD8,TTHA1076
Q5SJD7,TTHA1077
Q5SJD6,TTHA1078
Q5SJD5,TTHA1079
Q5SJD4,TTHA1080
Q5SJD3,TTHA1081
Q5SJD2,TTHA1082
Q5SJD1,TTHA1083
Q5SJD0,TTHA1084
Q5SJC9,TTHA1085
Q5SJC8,TTHA1086
Q5SJC7,TTHA1087
Q5SJC6,TTHA1088
Q5SJC5,TTHA1089
Q5SJC4,TTHA1090
Q5SJC3,TTHA1091
Q5SJC2,TTHA1092
Q5SJC1,TTHA1093
Q5SJC0,TTHA1094
Q5SJB9,TTHA1095
Q5SJB8,TTHA1096
P26996,TTHA1097
Q5SJB6,TTHA1098
Q5SJB5,TTHA1099
Q5SJB4,TTHA1100
Q5SJB3,TTHA1101
Q5SJB2,TTHA1102
Q5SJB1,TTHA1103
Q5SJB0,TTHA1104
Q5SJA9,TTHA1105
Q5SJA8,TTHA1106
Q5SJA7,TTHA1107
Q5SJA6,TTHA1108
Q5SJA5,TTHA1109
Q5SJA4,TTHA1110
Q5SJA3,TTHA1111
Q5SJA2,TTHA1112
Q5SJA1,TTHA1113
Q5SJA0,TTHA1114
Q5SJ99,TTHA1115
Q5SJ98,TTHA1116
Q5SJ97,TTHA1117
Q5SJ96,TTHA1118
Q5SJ95,TTHA1119
Q5SJ94,TTHA1120
Q5SJ93,TTHA1121
Q5SJ92,TTHA1122
Q5SJ91,TTHA1123
Q5SJ90,TTHA1124
Q76G20,TTHA1125
Q5SJ88,TTHA1126
Q5SJ87,TTHA1127
Q5SJ86,TTHA1128
Q5SJ85,TTHA1129
Q5SJ84,TTHA1130
Q5SJ83,TTHA1131
Q5SJ82,TTHA1132
P82543,TTHA1133
Q5SJ80,TTHA1134
Q5SJ79,TTHA1135
Q5SJ78,TTHA1136
Q5SJ77,TTHA1137
Q5SJ76,TTHA1138
Q5SJ75,TTHA1139
Q5SJ74,TTHA1140
Q5SJ73,TTHA1141
Q5SJ72,TTHA1142
Q5SJ71,TTHA1143
Q5SJ70,TTHA1144
Q5SJ69,TTHA1145
Q5SJ68,TTHA1146
Q5SJ67,TTHA1147
Q5SJ66,TTHA1148
Q5SJ65,TTHA1149
Q5SJ64,TTHA1150
Q5SJ63,TTHA1151
P42778,TTHA1152
Q5SJ61,TTHA1153
Q5SJ60,TTHA1154
Q5SJ59,TTHA1155
Q5SJ58,TTHA1156
Q5SJ57,TTHA1157
Q5SJ56,TTHA1158
Q5SJ55,TTHA1159
Q5SJ54,TTHA1160
Q5SJ53,TTHA1161
Q5SJ52,TTHA1162
Q5SJ51,TTHA1163
Q5SJ50,TTHA1164
Q5SJ49,TTHA1165
Q5SJ48,TTHA1166
Q5SJ47,TTHA1167
Q5SJ46,TTHA1168
Q5SJ45,TTHA1169
Q5SJ44,TTHA1170
Q5SJ43,TTHA1171
Q5SJ42,TTHA1172
Q5SJ41,TTHA1173
Q5SJ40,TTHA1174
Q5SJ39,TTHA1175
Q5SJ38,TTHA1176
Q5SJ37,TTHA1177
Q5SJ36,TTHA1178
Q5SJ35,TTHA1179
Q5SJ34,TTHA1180
Q5SJ33,TTHA1181
Q5SJ32,TTHA1182
Q5SJ31,TTHA1183
Q5SJ30,TTHA1184
Q5SJ29,TTHA1185
Q5SJ28,TTHA1186
Q5SJ27,TTHA1187
Q5SJ26,TTHA1188
Q5SJ25,TTHA1189
Q5SJ24,TTHA1190
Q5SJ23,TTHA1191
Q5SJ22,TTHA1192
Q5SJ21,TTHA1193
Q5SJ20,TTHA1194
Q5SJ19,TTHA1195
Q5SJ18,TTHA1196
Q5SJ17,TTHA1197
Q5SJ16,TTHA1198
Q5SJ15,TTHA1199
Q5SJ14,TTHA1200
Q5SJ13,TTHA1201
Q5SJ12,TTHA1202
Q5SJ11,TTHA1203
Q5SJ10,TTHA1204
Q5SJ09,TTHA1205
Q5SJ08,TTHA1206
Q5SJ07,TTHA1207
Q5SJ06,TTHA1208
Q5SJ05,TTHA1209
Q5SJ04,TTHA1210
Q5SJ03,TTHA1211
Q5SJ02,TTHA1212
Q5SJ01,TTHA1213
Q5SJ00,TTHA1214
Q5SIZ9,TTHA1215
Q5SIZ8,TTHA1216
Q5SIZ7,TTHA1217
Q5SIZ6,TTHA1218
Q5SIZ5,TTHA1219
Q5SIZ4,TTHA1220
Q5SIZ3,TTHA1221
Q5SIZ2,TTHA1222
Q5SIZ1,TTHA1223
Q5SIZ0,TTHA1224
Q5SIY9,TTHA1225
Q5SIY8,TTHA1226
Q5SIY7,TTHA1227
Q9ZND5,TTHA1228
Q9ZND4,TTHA1229
Q5SIY4,TTHA1230
Q5SIY3,TTHA1231
Q5SIY2,TTHA1232
Q5SIY1,TTHA1233
Q5SIY0,TTHA1234
Q5SIX9,TTHA1235
Q5SIX8,TTHA1236
Q5SIX7,TTHA1237
Q5SIX6,TTHA1238
Q5SIX5,TTHA1239
Q5SIX4,TTHA1240
Q5SIX3,TTHA1241
Q5SIX2,TTHA1242
Q5SIX1,TTHA1243
Q5SIX0,TTHA1244
Q5SIW9,TTHA1245
Q5SIW8,TTHA1246
Q5SIW7,TTHA1247
Q5SIW6,TTHA1248
Q5SIW5,TTHA1249
Q5SIW4,TTHA1250
Q5SIW3,TTHA1251
Q5SIW2,TTHA1252
Q5SIW1,TTHA1253
Q5SIW0,TTHA1254
Q5SIV9,TTHA1255
Q5SIV8,TTHA1256
Q5SIV7,TTHA1257
Q5SIV6,TTHA1258
Q5SIV5,TTHA1259
Q5SIV4,TTHA1260
Q5SIV3,TTHA1261
Q5SIV2,TTHA1262
Q5SIV1,TTHA1263
Q5SIV0,TTHA1264
Q5SIU9,TTHA1265
Q5SIU8,TTHA1266
Q5SIU7,TTHA1267
Q5SIU6,TTHA1268
Q5SIU5,TTHA1269
Q5SIU4,TTHA1270
O87880,TTHA1271
Q56404,TTHA1272
Q56403,TTHA1273
P74903,TTHA1274
P74902,TTHA1275
P74901,TTHA1276
Q5SIT7,TTHA1277
Q5SIT6,TTHA1278
Q5SIT5,TTHA1279
Q5SIT4,TTHA1280
Q5SIT3,TTHA1281
Q5SIT2,TTHA1282
Q5SIT1,TTHA1283
Q5SIT0,TTHA1284
Q5SIS9,TTHA1285
Q5SIS8,TTHA1286
Q5SIS7,TTHA1287
Q5SIS6,TTHA1288
Q5SIS5,TTHA1289
Q5SIS4,TTHA1290
Q5SIS3,TTHA1291
Q5SIS2,TTHA1292
Q5SIS1,TTHA1293
Q5SIS0,TTHA1294
Q5SIR9,TTHA1295
Q5SIR8,TTHA1296
Q5SIR7,TTHA1297
P23395,TTHA1298
Q5SIR5,TTHA1299
Q5SIR4,TTHA1300
Q5SIR3,TTHA1301
Q5SIR2,TTHA1302
Q5SIR1,TTHA1303
Q5SIR0,TTHA1304
Q5SMF2,TTHA1305
Q5SMF1,TTHA1306
Q5SMF0,TTHA1307
Q5SME9,TTHA1308
Q5SME8,TTHA1309
Q5SIQ9,TTHA1310
Q5SIQ8,TTHA1311
Q5SIQ7,TTHA1312
Q5SIQ6,TTHA1313
Q5SIQ5,TTHA1314
Q5SIQ4,TTHA1315
Q5SIQ3,TTHA1316
Q5SIQ2,TTHA1317
Q5SIQ1,TTHA1318
Q5SIQ0,TTHA1319
Q5SIP9,TTHA1320
Q5SIP8,TTHA1321
Q5SIP7,TTHA1322
Q9RA54,TTHA1323
Q56239,TTHA1324
Q5SIP4,TTHA1325
Q5SIP3,TTHA1326
Q5SIP2,TTHA1327
Q5SIP1,TTHA1328
Q5SIP0,TTHA1329
Q5SIN9,TTHA1330
Q5SIN8,TTHA1331
Q5SIN7,TTHA1332
Q5SIN6,TTHA1333
Q5SIN5,TTHA1334
Q5SIN4,TTHA1335
Q5SIN3,TTHA1336
Q5SIN2,TTHA1337
Q5SIN1,TTHA1338
Q5SIN0,TTHA1339
Q5SIM9,TTHA1340
Q5SIM8,TTHA1341
Q5SIM7,TTHA1342
Q5SIM6,TTHA1343
Q5SIM5,TTHA1344
Q5SIM4,TTHA1345
Q5SIM3,TTHA1346
Q5SIM2,TTHA1347
Q5SIM1,TTHA1348
P19436,TTHA1349
Q5SIL9,TTHA1350
Q5SIL8,TTHA1351
Q5SIL7,TTHA1352
Q5SIL6,TTHA1353
Q5SIL5,TTHA1354
Q5SIL4,TTHA1355
Q7SIA8,TTHA1356
Q5SIL2,TTHA1357
Q5SIL1,TTHA1358
Q5SIL0,TTHA1359
Q5SIK9,TTHA1360
Q5SIK8,TTHA1361
Q5SIK7,TTHA1362
Q5SIK6,TTHA1363
Q5SIK5,TTHA1364
Q5SIK4,TTHA1365
Q5SIK3,TTHA1366
Q5SIK2,TTHA1367
Q5SIK1,TTHA1368
Q5SIK0,TTHA1369
Q5SIJ9,TTHA1370
Q5SIJ8,TTHA1371
Q5SIJ7,TTHA1372
Q5SIJ6,TTHA1373
Q5SIJ5,TTHA1374
Q5SIJ4,TTHA1375
Q5SIJ3,TTHA1376
Q5SIJ2,TTHA1377
Q5SIJ1,TTHA1378
Q5SIJ0,TTHA1379
Q5SII9,TTHA1380
Q5SII8,TTHA1381
Q5SII7,TTHA1382
Q5SII6,TTHA1383
Q5SII5,TTHA1384
Q5SII4,TTHA1385
Q5SII3,TTHA1386
Q5SII2,TTHA1387
Q5SII1,TTHA1388
Q5SII0,TTHA1389
Q5SIH9,TTHA1390
Q5SIH8,TTHA1391
Q5SIH7,TTHA1392
Q5SIH6,TTHA1393
Q5SIH5,TTHA1394
Q5SIH4,TTHA1395
Q5SIH3,TTHA1396
P80380,TTHA1397
Q5SIH1,TTHA1398
Q5SIH0,TTHA1399
Q5SIG9,TTHA1400
Q5SIG8,TTHA1401
Q5SIG7,TTHA1402
Q5SIG6,TTHA1403
Q5SIG5,TTHA1404
Q5SIG4,TTHA1405
Q5SIG3,TTHA1406
Q5SIG2,TTHA1407
Q5SIG1,TTHA1408
Q5SIG0,TTHA1409
Q5SIF9,TTHA1410
Q5SIF8,TTHA1411
Q5SIF7,TTHA1412
Q5SIF6,TTHA1413
Q5SIF5,TTHA1414
Q5SIF4,TTHA1415
Q5SIF3,TTHA1416
Q5SIF2,TTHA1417
Q5SIF1,TTHA1418
Q5SME7,TTHA1419
Q5SME6,TTHA1420
Q5SME5,TTHA1421
Q5SME4,TTHA1422
Q5SME3,TTHA1423
Q5SIF0,TTHA1424
Q5SIE9,TTHA1425
Q5SIE8,TTHA1426
Q5SIE7,TTHA1427
Q5SIE6,TTHA1428
Q5SIE5,TTHA1429
Q5SIE4,TTHA1430
Q5SIE3,TTHA1431
Q5SIE2,TTHA1432
Q5SIE1,TTHA1433
Q5SIE0,TTHA1434
Q5SID9,TTHA1435
Q5SID8,TTHA1436
Q5SID7,TTHA1437
Q5SID6,TTHA1438
Q5SID5,TTHA1439
Q56242,TTHA1440
Q5SID3,TTHA1441
Q5SID2,TTHA1442
Q5SID1,TTHA1443
Q7SIB9,TTHA1444
Q5SIC9,TTHA1445
Q5SIC8,TTHA1446
Q5SIC7,TTHA1447
Q5SIC6,TTHA1448
Q5SIC5,TTHA1449
Q5SIC4,TTHA1450
Q5SIC3,TTHA1451
Q5SIC2,TTHA1452
Q5SIC1,TTHA1453
Q5SIC0,TTHA1454
Q5SIB9,TTHA1455
Q5SIB8,TTHA1456
Q5SIB7,TTHA1457
Q5SIB6,TTHA1458
Q5SIB5,TTHA1459
Q5SIB4,TTHA1460
Q5SIB3,TTHA1461
Q5SIB2,TTHA1462
Q5SIB1,TTHA1463
P80374,TTHA1464
P60488,TTHA1465
Q5SIA8,TTHA1466
Q5SIA7,TTHA1467
Q5SIA6,TTHA1468
Q5SIA5,TTHA1469
Q5SIA4,TTHA1470
Q5SIA3,TTHA1471
Q5SIA2,TTHA1472
Q5SIA1,TTHA1473
Q5SIA0,TTHA1474
Q5SI99,TTHA1475
Q5SI98,TTHA1476
Q5SI97,TTHA1477
Q5SI96,TTHA1478
Q5SI95,TTHA1479
Q5SI94,TTHA1480
Q5SI93,TTHA1481
Q5SI92,TTHA1482
Q5SI91,TTHA1483
Q5SI90,TTHA1484
Q5SI89,TTHA1485
Q5SI88,TTHA1486
Q9RA63,TTHA1487
P77527,TTHA1488
Q56237,TTHA1489
Q56236,TTHA1490
Q56235,TTHA1491
Q5SI82,TTHA1492
Q5SI81,TTHA1493
Q5SI80,TTHA1494
Q5SI79,TTHA1495
Q5SI78,TTHA1496
Q5SI77,TTHA1497
Q5SI76,TTHA1498
Q5SI75,TTHA1499
Q5SI74,TTHA1500
Q5SI73,TTHA1501
Q5SI72,TTHA1502
Q5SI71,TTHA1503
Q5SI70,TTHA1504
Q5SI69,TTHA1505
Q5SI68,TTHA1506
Q5SI67,TTHA1507
Q5SI66,TTHA1508
Q5SI65,TTHA1509
Q5SI64,TTHA1510
Q5SI63,TTHA1511
Q5SI62,TTHA1512
Q5SI61,TTHA1513
Q5SI60,TTHA1514
Q5SI59,TTHA1515
Q5SI58,TTHA1516
Q5SI57,TTHA1517
Q5SMH9,TTHA1518
Q5SMH8,TTHA1519
Q5SMH7,TTHA1520
Q5SMH6,TTHA1521
Q5SMH5,TTHA1522
Q5SMH4,TTHA1523
Q5SI56,TTHA1524
Q5SI55,TTHA1525
Q5SI54,TTHA1526
Q5SI53,TTHA1527
Q5SI52,TTHA1528
Q5SI51,TTHA1529
Q5SI50,TTHA1530
Q5SI49,TTHA1531
Q5SI48,TTHA1532
Q5SI47,TTHA1533
Q5SI46,TTHA1534
P33197,TTHA1535
Q5SI44,TTHA1536
Q5SI43,TTHA1537
Q5SI42,TTHA1538
Q5SI41,TTHA1539
Q5SI40,TTHA1540
Q5SI39,TTHA1541
Q5SI38,TTHA1542
Q5SI37,TTHA1543
Q5SI36,TTHA1544
Q5SI35,TTHA1545
Q5SI34,TTHA1546
Q5SI33,TTHA1547
Q5SI32,TTHA1548
Q5SI31,TTHA1549
Q5SI30,TTHA1550
Q5SI29,TTHA1551
Q5SI28,TTHA1552
Q5SI27,TTHA1553
Q5SI26,TTHA1554
Q5SI25,TTHA1555
P29253,TTHA1556
Q5SI23,TTHA1557
Q5SI22,TTHA1558
Q5SI21,TTHA1559
Q5SI20,TTHA1560
Q8RQE7,TTHA1561
Q5SI18,TTHA1562
Q5SI17,TTHA1563
Q5SI16,TTHA1564
Q5SI15,TTHA1565
Q5SI14,TTHA1566
Q5SI13,TTHA1567
Q5SI12,TTHA1568
Q5SI11,TTHA1569
Q5SI10,TTHA1570
Q5SI09,TTHA1571
Q5SI08,TTHA1572
Q5SI07,TTHA1573
Q5SI06,TTHA1574
Q5SI05,TTHA1575
Q5SI04,TTHA1576
Q5SI03,TTHA1577
Q5SI02,TTHA1578
Q5SI01,TTHA1579
Q5SI00,TTHA1580
Q5SHZ9,TTHA1581
Q5SHZ8,TTHA1582
P29749,TTHA1583
P29748,TTHA1584
Q5SHZ5,TTHA1585
Q5SHZ4,TTHA1586
Q5SHZ3,TTHA1587
Q5SHZ2,TTHA1588
Q5SHZ1,TTHA1589
Q5SHZ0,TTHA1590
Q5SHY9,TTHA1591
Q5SHY8,TTHA1592
Q5SHY7,TTHA1593
Q5SHY6,TTHA1594
Q5SHY5,TTHA1595
Q5SHY4,TTHA1596
Q5SHY3,TTHA1597
Q5SHY2,TTHA1598
Q5SHY1,TTHA1599
Q5SHY0,TTHA1600
Q5SHX9,TTHA1601
Q5SHX8,TTHA1602
Q5SHX7,TTHA1603
Q5SHX6,TTHA1604
Q5SHX5,TTHA1605
Q5SHX4,TTHA1606
Q5SHX3,TTHA1607
Q5SHX2,TTHA1608
Q5SHX1,TTHA1609
Q5SHX0,TTHA1610
Q5SHW9,TTHA1611
Q5SHW8,TTHA1612
Q5SHW7,TTHA1613
Q5SHW6,TTHA1614
Q5SHW5,TTHA1615
Q5SHW4,TTHA1616
Q5SHW3,TTHA1617
Q5SHW2,TTHA1618
Q5SHW1,TTHA1619
Q5SHW0,TTHA1620
Q5SHV9,TTHA1621
Q5SHV8,TTHA1622
Q5SHV7,TTHA1623
Q5SHV6,TTHA1624
Q5SHV5,TTHA1625
Q5SHV4,TTHA1626
Q5SHV3,TTHA1627
Q5SHV2,TTHA1628
Q5SHV1,TTHA1629
Q5SHV0,TTHA1630
Q5SHU9,TTHA1631
Q5SHU8,TTHA1632
Q5SHU7,TTHA1633
Q5SHU6,TTHA1634
Q5SHU5,TTHA1635
Q5SHU4,TTHA1636
Q5SHU3,TTHA1637
Q5SHU2,TTHA1638
Q5SHU1,TTHA1639
Q5SHU0,TTHA1640
Q5SHT9,TTHA1641
Q5SHT8,TTHA1642
Q5SHT7,TTHA1643
Q5SHT6,TTHA1644
Q5SHT5,TTHA1645
Q5SHT4,TTHA1646
Q5SHT3,TTHA1647
Q5SHT2,TTHA1648
Q5SHT1,TTHA1649
Q5SHT0,TTHA1650
Q5SHS9,TTHA1651
Q5SHS8,TTHA1652
Q5SHS7,TTHA1653
Q5SHS6,TTHA1654
Q5SHS5,TTHA1655
Q5SHS4,TTHA1656
Q5SHS3,TTHA1657
Q5SHS2,TTHA1658
Q5SHS1,TTHA1659
Q5SHS0,TTHA1660
Q5SHR9,TTHA1661
Q5SHR8,TTHA1662
Q9Z9H5,TTHA1663
Q5SHR6,TTHA1664
P80373,TTHA1665
P80376,TTHA1666
P80377,TTHA1667
Q5SHR2,TTHA1668
Q5SHR1,TTHA1669
Q5SHR0,TTHA1670
Q5SHQ9,TTHA1671
Q5SHQ8,TTHA1672
Q5SHQ7,TTHA1673
Q5SHQ6,TTHA1674
Q5SHQ5,TTHA1675
Q5SHQ4,TTHA1676
P0DOY8,TTHA1677
P0DOY9,TTHA1678
P0DOY6,TTHA1679
Q5SHQ0,TTHA1680
Q5SHP9,TTHA1681
Q5SHP8,TTHA1682
P0DOY7,TTHA1683
Q5SHP6,TTHA1684
P60489,TTHA1685
P80372,TTHA1686
Q5SHP3,TTHA1687
Q5SHP2,TTHA1688
P60405,TTHA1689
Q5SHP0,TTHA1690
Q5SHN9,TTHA1691
Q5SHN8,TTHA1692
Q5SHN7,TTHA1693
Q5SHN6,TTHA1694
Q5SHN5,TTHA1695
P17291,TTHA1696
Q5SHN3,TTHA1697
Q5SHN2,TTHA1698
Q5SHN1,TTHA1699
Q5SHN0,TTHA1700
Q5SHM9,TTHA1701
Q5SHM8,TTHA1702
Q5SHM7,TTHA1703
Q5SHM6,TTHA1704
Q5SHM5,TTHA1705
Q5SHM4,TTHA1706
Q5SHM3,TTHA1707
Q5SHM2,TTHA1708
Q5SHM1,TTHA1709
Q5SHM0,TTHA1710
Q5SHL9,TTHA1711
Q5SHL8,TTHA1712
Q5SHL7,TTHA1713
Q5SHL6,TTHA1714
Q5SHL5,TTHA1715
Q5SHL4,TTHA1716
Q5SHL3,TTHA1717
Q5SHL2,TTHA1718
Q5SHL1,TTHA1719
Q5SHL0,TTHA1720
Q5SHK9,TTHA1721
Q5SHK8,TTHA1722
Q5SHK7,TTHA1723
Q5SHK6,TTHA1724
Q5SHK5,TTHA1725
Q5SHK4,TTHA1726
Q5SHK3,TTHA1727
Q5SHK2,TTHA1728
Q5SHK1,TTHA1729
Q5SHK0,TTHA1730
Q5SHJ9,TTHA1731
Q5SHJ8,TTHA1732
Q5SHJ7,TTHA1733
Q5SHJ6,TTHA1734
Q5SHJ5,TTHA1735
Q5SHJ4,TTHA1736
Q5SHJ3,TTHA1737
Q5SHJ2,TTHA1738
Q5SHJ1,TTHA1739
Q5SHJ0,TTHA1740
Q5SHI9,TTHA1741
Q5SHI8,TTHA1742
Q5SHI7,TTHA1743
Q5SHI6,TTHA1744
Q5SHI5,TTHA1745
Q5SHI4,TTHA1746
Q5SHI3,TTHA1747
Q5SHI2,TTHA1748
Q5SHI1,TTHA1749
Q5SHI0,TTHA1750
Q5SHH9,TTHA1751
Q5SHH8,TTHA1752
Q5SHH7,TTHA1753
Q5SHH6,TTHA1754
Q5SHH5,TTHA1755
Q5SHH4,TTHA1756
Q5SHH3,TTHA1757
Q5SHH2,TTHA1758
Q5SHH1,TTHA1759
Q5SHH0,TTHA1760
Q5SHG9,TTHA1761
Q5SHG8,TTHA1762
Q5SHG7,TTHA1763
Q5SHG6,TTHA1764
Q5SHG5,TTHA1765
Q5SHG4,TTHA1766
Q5SHG3,TTHA1767
Q5SHG2,TTHA1768
Q5SHG1,TTHA1769
Q5SHG0,TTHA1770
Q5SHF9,TTHA1771
Q5SHF8,TTHA1772
Q5SHF7,TTHA1773
Q5SHF6,TTHA1774
Q5SHF5,TTHA1775
Q5SHF4,TTHA1776
Q5SHF3,TTHA1777
Q5SHF2,TTHA1778
Q5SHF1,TTHA1779
Q5SHF0,TTHA1780
Q5SHE9,TTHA1781
P60493,TTHA1782
P60492,TTHA1783
Q5SHE6,TTHA1784
Q5SHE5,TTHA1785
Q5SHE4,TTHA1786
Q5SHE3,TTHA1787
Q5SHE2,TTHA1788
Q5SHE1,TTHA1789
Q8RQP5,TTHA1790
Q5SHD9,TTHA1791
Q5SHD8,TTHA1792
Q5SHD7,TTHA1793
Q5SHD6,TTHA1794
Q5SHD5,TTHA1795
Q5SHD4,TTHA1796
Q5SHD3,TTHA1797
Q5SHD2,TTHA1798
Q5SHD1,TTHA1799
Q5SHD0,TTHA1800
Q5SLM0,TTHA1801
Q5SHC8,TTHA1802
Q5SHC7,TTHA1803
Q5SHC6,TTHA1804
Q5SHC5,TTHA1805
O50606,TTHA1806
Q5SHC3,TTHA1807
Q5SHC2,TTHA1808
Q5SHC1,TTHA1809
Q5SHC0,TTHA1810
Q5SHB9,TTHA1811
Q8RQE8,TTHA1812
Q8RQE9,TTHA1813
Q5SHB6,TTHA1814
Q5SHB5,TTHA1815
Q5SHB4,TTHA1816
Q5SHB3,TTHA1817
Q5SHB2,TTHA1818
Q5SHB1,TTHA1819
Q5SHB0,TTHA1820
Q5SHA9,TTHA1821
Q5SHA8,TTHA1822
Q5SHA7,TTHA1823
Q5SHA6,TTHA1824
Q5SHA5,TTHA1825
Q5SHA4,TTHA1826
Q5SHA3,TTHA1827
Q5SHA2,TTHA1828
Q5SHA1,TTHA1829
Q5SHA0,TTHA1830
P74941,TTHA1831
Q5SH98,TTHA1832
Q5SH97,TTHA1833
Q5SH96,TTHA1834
Q5SH95,TTHA1835
Q5SH94,TTHA1836
Q5SH93,TTHA1837
Q5SH92,TTHA1838
Q5SH91,TTHA1839
Q5SH90,TTHA1840
Q5SH89,TTHA1841
Q5SH88,TTHA1842
P05379,TTHA1843
P05378,TTHA1844
P05624,TTHA1845
Q5SH84,TTHA1846
Q5SH83,TTHA1847
Q5SH82,TTHA1848
Q5SH81,TTHA1849
Q5SH80,TTHA1850
Q5SH79,TTHA1851
Q5SH78,TTHA1852
Q5SH77,TTHA1853
Q5SH76,TTHA1854
Q5SH75,TTHA1855
Q5SH74,TTHA1856
Q5SH73,TTHA1857
Q5SH72,TTHA1858
Q5SH71,TTHA1859
Q5SH70,TTHA1860
Q5SH69,TTHA1861
Q5SH68,TTHA1862
Q5SH67,TTHA1863
Q5SH66,TTHA1864
Q5SH65,TTHA1865
Q5SH64,TTHA1866
Q5SIU5,TTHA1867
Q5SH62,TTHA1868
Q5SH61,TTHA1869
Q5SH60,TTHA1870
Q5SH59,TTHA1871
Q5SH58,TTHA1872
Q5SH57,TTHA1873
Q5SH56,TTHA1874
P56881,TTHA1875
Q5SH54,TTHA1876
Q5SH53,TTHA1877
Q5SH52,TTHA1878
Q5SH51,TTHA1879
Q5SH50,TTHA1880
Q5SH49,TTHA1881
Q5SH48,TTHA1882
Q5SH47,TTHA1883
Q5SH46,TTHA1884
Q5SH45,TTHA1885
Q5SH44,TTHA1886
Q5SH43,TTHA1887
Q5SH42,TTHA1888
Q5SH41,TTHA1889
Q5SH40,TTHA1890
Q5SH39,TTHA1891
Q56243,TTHA1892
Q5SH37,TTHA1893
Q5SH36,TTHA1894
Q5SLM0,TTHA1895
Q56213,TTHA1896
Q5SH33,TTHA1897
Q5SH32,TTHA1898
Q5SH31,TTHA1899
Q5SH30,TTHA1900
Q5SH29,TTHA1901
Q5SH28,TTHA1902
Q5SH27,TTHA1903
Q5SH26,TTHA1904
Q5SH25,TTHA1905
Q5SH24,TTHA1906
Q5SH23,TTHA1907
Q5SH22,TTHA1908
Q5SH21,TTHA1909
Q5SH20,TTHA1910
Q5SH19,TTHA1911
Q5SH18,TTHA1912
Q5SH17,TTHA1913
Q5SH16,TTHA1914
Q5SH15,TTHA1915
Q5SH14,TTHA1916
Q5SH13,TTHA1917
Q5SH12,TTHA1918
Q5SH11,TTHA1919
Q5SH10,TTHA1920
Q5SH09,TTHA1921
Q5SH08,TTHA1922
Q5SH07,TTHA1923
Q5SH06,TTHA1924
Q5SH05,TTHA1925
Q5SH04,TTHA1926
Q5SH03,TTHA1927
Q5SH02,TTHA1928
Q5SH01,TTHA1929
Q5SH00,TTHA1930
Q5SGZ9,TTHA1931
Q5SGZ8,TTHA1932
Q5SGZ7,TTHA1933
Q5SGZ6,TTHA1934
Q5SGZ5,TTHA1935
Q5SGZ4,TTHA1936
Q5SGZ3,TTHA1937
Q5SGZ2,TTHA1938
Q5SGZ1,TTHA1939
P96077,TTHA1940
Q5SGY9,TTHA1941
Q5SGY8,TTHA1942
Q5SGY7,TTHA1943
Q5SGY6,TTHA1944
Q5SGY5,TTHA1945
Q5SGY4,TTHA1946
Q5SGY3,TTHA1947
Q5SLM0,TTHA1948
Q5SGY1,TTHA1949
Q5SGY0,TTHA1950
Q5SGX9,TTHA1951
Q5SGX8,TTHA1952
Q5SGX7,TTHA1953
Q5SGX6,TTHA1954
Q5SGX5,TTHA1955
Q5SGX4,TTHA1956
Q5SGX3,TTHA1957
Q5SGX2,TTHA1958
Q5SGX1,TTHA1959
Q5SGX0,TTHA1960
Q5SGW9,TTHA1961
P21777,TTHA1962
Q5SGW7,TTHA1963
Q5SGW6,TTHA1964
P38576,TTHA1965
Q5SGW4,TTHA1966
Q5SGW3,TTHA1967
Q5SGW2,TTHA1968
Q5SGW1,TTHA1969
Q5SGW0,TTHA1970
Q9LCY2,TTHA1971
Q5SGV8,TTHA1972
Q9X9D5,TTHA1973
Q53WF3,TTHB001
Q53WF2,TTHB002
Q53WF1,TTHB003
Q5SJW9,TTHB004
Q53WE9,TTHB005
Q53WE8,TTHB006
Q53WE7,TTHB007
Q53WE6,TTHB008
Q53WE5,TTHB009
Q53WE4,TTHB010
Q53WE3,TTHB011
Q53WE2,TTHB012
Q53WE1,TTHB013
Q53WH8,TTHB014
Q53WH7,TTHB015
Q53WH6,TTHB016
Q53WH5,TTHB017
Q53WH4,TTHB018
Q53WH3,TTHB019
Q53WH2,TTHB020
Q53WH1,TTHB021
Q53WE0,TTHB022
Q53WD9,TTHB023
Q53WD7,TTHB024
Q53WD8,TTHB025
Q53WD6,TTHB026
Q53WD5,TTHB027
Q53WD4,TTHB028
Q53WD3,TTHB029
Q53WD2,TTHB030
Q53WD1,TTHB031
Q53WD0,TTHB032
Q53WC9,TTHB033
Q53WC8,TTHB034
Q53WC7,TTHB035
Q53WC6,TTHB036
Q53WC5,TTHB037
Q53WC4,TTHB038
Q53WC3,TTHB039
Q53WC2,TTHB040
Q53WC1,TTHB041
Q53WC0,TTHB042
Q53WB9,TTHB043
Q53WB8,TTHB044
Q53WB7,TTHB045
Q53WB6,TTHB046
Q53WB5,TTHB047
Q7SIC7,TTHB048
Q53WB3,TTHB049
Q53WB2,TTHB050
Q53WB1,TTHB051
Q53WB0,TTHB052
Q53WA9,TTHB053
Q53WA8,TTHB054
Q53WA7,TTHB055
Q53WA6,TTHB056
Q53WA5,TTHB057
Q53WA4,TTHB058
Q53WA3,TTHB059
Q53WA2,TTHB060
Q53WA1,TTHB061
Q53WA0,TTHB062
Q53W99,TTHB063
Q53W98,TTHB064
Q53W97,TTHB065
Q53W96,TTHB066
Q53W95,TTHB067
Q53W94,TTHB068
Q53W93,TTHB069
Q53W92,TTHB070
Q53W91,TTHB071
Q53W90,TTHB072
Q53W89,TTHB073
Q53W88,TTHB074
Q53W87,TTHB075
Q53W86,TTHB076
Q53W85,TTHB077
Q53W84,TTHB078
Q53W83,TTHB079
Q53W82,TTHB080
Q53W81,TTHB081
Q53W80,TTHB082
Q53W79,TTHB083
Q5SIU5,TTHB084
Q53W77,TTHB085
Q53W76,TTHB086
Q53W75,TTHB087
Q53W74,TTHB088
Q53W73,TTHB089
Q53W72,TTHB090
Q53W71,TTHB091
Q53W70,TTHB092
Q53W69,TTHB093
Q53W68,TTHB094
Q53W67,TTHB095
Q53W66,TTHB096
Q53W65,TTHB097
Q53W64,TTHB098
Q53W63,TTHB099
Q53W62,TTHB100
Q53W61,TTHB101
P61497,TTHB102
Q53W59,TTHB103
Q53W58,TTHB104
Q53W57,TTHB105
Q53W56,TTHB106
Q53W55,TTHB107
Q53W54,TTHB108
Q53W53,TTHB109
Q53W52,TTHB110
Q53WG0,TTHB111
Q53WF9,TTHB112
Q53WF8,TTHB113
Q53WF7,TTHB114
Q53W51,TTHB115
Q53W50,TTHB116
Q53W49,TTHB117
Q53W48,TTHB118
Q53W47,TTHB119
Q53W46,TTHB120
Q53W45,TTHB121
Q53W44,TTHB122
Q53W43,TTHB123
Q53W42,TTHB124
Q53W41,TTHB125
Q53W40,TTHB126
Q53W39,TTHB127
Q53W38,TTHB128
Q5SIU5,TTHB129
Q53W36,TTHB130
Q53W35,TTHB131
Q53W34,TTHB132
Q53W33,TTHB133
Q53W32,TTHB134
Q53W31,TTHB135
Q53W30,TTHB136
Q53W29,TTHB137
Q53W28,TTHB138
Q53W27,TTHB139
Q53W26,TTHB140
Q53W25,TTHB141
Q53W24,TTHB142
Q53W23,TTHB143
Q53W22,TTHB144
Q53W21,TTHB145
Q53W20,TTHB146
Q53W19,TTHB147
Q53WF6,TTHB148
Q53WF5,TTHB149
Q53WF4,TTHB150
Q53W18,TTHB151
Q53W17,TTHB152
Q53W16,TTHB153
Q5SJT7,TTHB154
Q53W14,TTHB155
Q53W13,TTHB156
Q53W12,TTHB157
Q53W11,TTHB158
Q53W10,TTHB159
Q53W09,TTHB160
Q53W08,TTHB161
Q53W07,TTHB162
Q53W06,TTHB163
Q53W05,TTHB164
Q53W04,TTHB165
Q53W03,TTHB166
Q53W02,TTHB167
Q53W01,TTHB168
Q53W00,TTHB169
Q53VZ9,TTHB170
Q53VZ8,TTHB171
Q53VZ7,TTHB172
Q53VZ6,TTHB173
Q53VZ5,TTHB174
Q53VZ4,TTHB175
Q53VZ3,TTHB176
Q53VZ2,TTHB177
Q53VZ1,TTHB178
Q53VZ0,TTHB179
Q53VY9,TTHB180
Q53VY8,TTHB181
Q53VY7,TTHB182
Q53VY6,TTHB183
Q53VY5,TTHB184
Q53VY4,TTHB185
Q53VY3,TTHB186
Q53VY2,TTHB187
Q53VY1,TTHB188
Q53VY0,TTHB189
Q53VX9,TTHB190
Q53WH0,TTHB191
Q53WG9,TTHB192
Q53WG8,TTHB193
Q53WG7,TTHB194
Q53WG6,TTHB195
Q53WG5,TTHB196
Q53WG4,TTHB197
Q53WG3,TTHB198
Q53WG2,TTHB199
Q53WG1,TTHB200
Q53VX8,TTHB201
Q53VX7,TTHB202
Q53VX6,TTHB203
Q53VX5,TTHB204
Q53VX4,TTHB205
Q5SLM0,TTHB206
Q53VX2,TTHB207
Q53VX1,TTHB208
Q53VX0,TTHB209
Q53VW9,TTHB210
Q53VW8,TTHB211
Q53VW7,TTHB212
Q53VW6,TTHB213
Q53VW5,TTHB214
Q53VW4,TTHB215
Q53VW3,TTHB216
Q53VW2,TTHB217
Q53VW1,TTHB218
Q53VW0,TTHB219
Q53VV9,TTHB220
Q53VV8,TTHB221
Q53VV7,TTHB222
Q53VV6,TTHB223
Q53VV5,TTHB224
Q53VV4,TTHB225
Q53VV3,TTHB226
Q53VV2,TTHB227
Q53VV1,TTHB228
Q53VV0,TTHB229
Q53VU9,TTHB230
Q53VU8,TTHB231
Q5SJJ0,TTHB232
Q53VU6,TTHB233
Q53VU5,TTHB234
Q53VU4,TTHB235
Q53VU3,TTHB236
Q53VU2,TTHB237
Q53VU1,TTHB238
Q53VU0,TTHB239
Q53VT9,TTHB240
Q53VT8,TTHB241
Q53WI4,TTHB242
Q53WI3,TTHB243
Q53WI2,TTHB244
Q53WI1,TTHB245
Q53WI0,TTHB246
Q53WH9,TTHB247
Q53VT7,TTHB248
Q53VT6,TTHB249
Q53VT5,TTHB250
Q53VT4,TTHB251
Q5SGN3,TTHC001
Q5SGN2,TTHC002
Q5SGN1,TTHC003
Q5SGN0,TTHC004
Q5SGM9,TTHC005
Q5SGM8,TTHC006
Q5SGM7,TTHC007
Q5SGM6,TTHC008
Q5SGM5,TTHC009
Q5SGM4,TTHC010
Q5SGM3,TTHC011
Q5SGM2,TTHC012
Q5SGM1,TTHC013
Q5SGM0,TTHC014
